userId,name,username,password
1,Madelyn,yxd0v,password
2,Makayla,jrx8v,password
3,Khloe,gbw2x,password
4,Zahava,djn3l,password
5,Nava,dgt9u,password
6,Linnett,qhs3w,password
7,Cheyenne,rms1d,password
8,Genevieve,fle7y,password
9,Poppy,dxh1g,password
10,Olinda,zqp2g,password
11,Ayden,bzz1c,password
12,Jayden,rum3j,password
13,Barack,lhv0a,password
14,Sam,ffl0g,password
15,Johnson,ynt6g,password
16,Gennadi,qms9v,password
17,Genius,eeh6z,password
18,Melvin,rvi2g,password
19,Melville,fka8k,password
20,Zabi,fca9r,password
21,Linnett,ken8v,password
22,Jayden,otd2c,password
23,Sam,drh8r,password
24,Zooey,nsb6t,password
25,Wyn,mxb6l,password
26,Winter,hxk4a,password
27,Wynne,pqa3v,password
28,Willa,pft2q,password
29,Whitley,lmc1p,password
30,Westley,amv6z,password
31,Madelyn,jpk1h,password
32,Makayla,ydj0y,password
33,Khloe,fww1q,password
34,Zahava,noy1p,password
35,Nava,ooz7z,password
36,Linnett,lhe1b,password
37,Cheyenne,nfg3b,password
38,Genevieve,yjv3l,password
39,Poppy,zsp7r,password
40,Olinda,gbb2m,password
41,Ayden,nih8b,password
42,Jayden,vcn0v,password
43,Barack,mqn7f,password
44,Sam,uvo5u,password
45,Johnson,vid6g,password
46,Gennadi,ehb7b,password
47,Genius,hvy3q,password
48,Melvin,ytb6i,password
49,Melville,jgp1w,password
50,Zabi,for6h,password
51,Linnett,hqx3v,password
52,Jayden,vmn0g,password
53,Sam,igb8d,password
54,Zooey,znn5j,password
55,Wyn,jpt9z,password
56,Winter,iix8o,password
57,Wynne,udi4d,password
58,Willa,ymm6p,password
59,Whitley,ovz0s,password
60,Westley,atr9l,password
61,Madelyn,jdo6h,password
62,Makayla,nua9c,password
63,Khloe,xao6h,password
64,Zahava,gzc0v,password
65,Nava,mfp3p,password
66,Linnett,ucw0m,password
67,Cheyenne,npo6r,password
68,Genevieve,sqb5y,password
69,Poppy,stj0o,password
70,Olinda,zee4c,password
71,Ayden,nzg7g,password
72,Jayden,jre4r,password
73,Barack,zpl9s,password
74,Sam,hwp8t,password
75,Johnson,gin9o,password
76,Gennadi,del3a,password
77,Genius,dfi6o,password
78,Melvin,fvs4i,password
79,Melville,mgz5d,password
80,Zabi,jsj3s,password
81,Linnett,fsu3t,password
82,Jayden,pqj5u,password
83,Sam,ksz0n,password
84,Zooey,rso2p,password
85,Wyn,ypv2v,password
86,Winter,myj8w,password
87,Wynne,xwn1q,password
88,Willa,bpf5i,password
89,Whitley,ptx7d,password
90,Westley,fzy3x,password
91,Madelyn,hnf2b,password
92,Makayla,cqw3m,password
93,Khloe,gef9m,password
94,Zahava,bhu2t,password
95,Nava,idq2n,password
96,Linnett,ljc6m,password
97,Cheyenne,cmz0a,password
98,Genevieve,cwo2p,password
99,Poppy,zwl4f,password
100,Olinda,uhu1a,password
101,Ayden,qit3d,password
102,Jayden,vll2s,password
103,Barack,yjs4j,password
104,Sam,bnk7e,password
105,Johnson,sru5q,password
106,Gennadi,fuz5u,password
107,Genius,sni4i,password
108,Melvin,gvx7x,password
109,Melville,zyr8f,password
110,Zabi,fvq5d,password
111,Linnett,cst2d,password
112,Jayden,lqt6j,password
113,Sam,dac0d,password
114,Zooey,upw6e,password
115,Wyn,wvo9m,password
116,Winter,qaw7e,password
117,Wynne,kmf3q,password
118,Willa,eco7h,password
119,Whitley,jyk7h,password
120,Westley,rvg4y,password
121,Madelyn,asi3y,password
122,Makayla,mpo3x,password
123,Khloe,mry3e,password
124,Zahava,tgd8r,password
125,Nava,fbd9i,password
126,Linnett,yhg8j,password
127,Cheyenne,kgs9z,password
128,Genevieve,uhq0b,password
129,Poppy,tfe4l,password
130,Olinda,ucd4m,password
131,Ayden,tjr6y,password
132,Jayden,xir3y,password
133,Barack,ykc8e,password
134,Sam,wtk7g,password
135,Johnson,wcv2b,password
136,Gennadi,ksz5b,password
137,Genius,lqg3g,password
138,Melvin,rdn0h,password
139,Melville,vfe7w,password
140,Zabi,upx2r,password
141,Linnett,knm4q,password
142,Jayden,kom4n,password
143,Sam,mws4i,password
144,Zooey,nsp3c,password
145,Wyn,lst5v,password
146,Winter,jew4o,password
147,Wynne,sqy3r,password
148,Willa,uvf1q,password
149,Whitley,jbv9p,password
150,Westley,ihe4s,password
151,Madelyn,dsn1h,password
152,Makayla,dlj0o,password
153,Khloe,mjo4d,password
154,Zahava,jsv0a,password
155,Nava,bju4e,password
156,Linnett,utj7x,password
157,Cheyenne,vfc0j,password
158,Genevieve,fbc2g,password
159,Poppy,eyh3y,password
160,Olinda,clq8a,password
161,Ayden,wxu2d,password
162,Jayden,gaz6r,password
163,Barack,puz9r,password
164,Sam,owj5b,password
165,Johnson,fiw1p,password
166,Gennadi,msc1g,password
167,Genius,qzn8p,password
168,Melvin,fjf3g,password
169,Melville,lci1u,password
170,Zabi,cwy0x,password
171,Linnett,xgr7t,password
172,Jayden,jok0c,password
173,Sam,ksa8j,password
174,Zooey,hpp3d,password
175,Wyn,akd6d,password
176,Winter,gmk4v,password
177,Wynne,qns5c,password
178,Willa,rrn1h,password
179,Whitley,wpn6v,password
180,Westley,lyf8w,password
181,Madelyn,kgw4c,password
182,Makayla,kjb5b,password
183,Khloe,qws6l,password
184,Zahava,ahw5w,password
185,Nava,orx5h,password
186,Linnett,xje1u,password
187,Cheyenne,wjg2h,password
188,Genevieve,dmi4b,password
189,Poppy,wst9d,password
190,Olinda,wah9e,password
191,Ayden,vsi7j,password
192,Jayden,chq6s,password
193,Barack,jsn7k,password
194,Sam,gya2j,password
195,Johnson,vxw3s,password
196,Gennadi,lfz3o,password
197,Genius,kaa8f,password
198,Melvin,orz3n,password
199,Melville,ubw2s,password
200,Zabi,rwf4h,password